Store,External Store ID,Country,Country Code,City,Order ID,Workflow UUID,Time Customer Ordered,Time Merchant Accepted,Time Customer Was Refunded,Order Issue,Item Issue Details,Inaccurate Items,Inaccurate Customizations,Customer Feedback,Currency Code,Ticket Size,Customer Refunded,Refund Covered by Merchant,Refund Not Covered by Merchant,Fulfillment Type,Order Channel,Eats Brand
Addictive Burger Bar (226 1/2 Newark Ave),fc8e274a-f99e-4b86-abd5-c366f24a2f05,United States,USA,New Jersey,4AC53,3a8b8f33-4f9b-4369-8b51-4e37e7e4ac53,2026-02-23 21:11:44.000,2026-02-23 21:11:46.000,2026-02-25 03:06:31.000,ISSUE_WITH_ITEMS,<WRONG_ITEM>,Clam Chowder Soup (32 oz),,Freaking spicy soup instead of clam chowder ,USD,48.31,12.52,0,12.52,Delivery,iOS,Uber Eats
Addictive Burger Bar (689 Broadway),d280ca5c-8df2-5901-ac6b-34fe4421dca6,United States,USA,New York City,419A2,b94e17e6-d79e-4e8c-8e68-8107026419a2,2026-02-10 12:45:52.000,2026-02-10 12:45:55.000,2026-02-11 10:38:53.000,ISSUE_WITH_ITEMS,<ISSUE_WITH_ITEMS - MISSING_ITEM>,Bacon and Egg Cheeseburger,Bacon and Egg Cheeseburger-Deluxe,,USD,15.82,4.03,0,4.03,Delivery,iOS,Uber Eats
Ali's Halal Pizza,436b9ca3-65e4-4c67-9c16-8c710c193c32,United States,USA,San Francisco,4964B,d3ea5ace-14b6-45cf-9d1b-bbb83874964b,2026-02-02 17:41:04.000,2026-02-02 17:41:07.000,2026-02-02 20:10:09.000,WRONG_ORDER,<WRONG_ORDER>,Halal Meat Lovers Pizza,,,USD,26.86,26.87,21.02,5.85,Delivery,iOS,Uber Eats
Ali's Halal Pizza,436b9ca3-65e4-4c67-9c16-8c710c193c32,United States,USA,San Francisco,84DC9,ac05ceb2-7b5d-415d-8138-8f139fd84dc9,2026-02-09 18:28:55.000,2026-02-09 18:28:57.000,2026-02-09 23:55:10.000,WRONG_ORDER,<WRONG_ORDER>,Halal BBQ Chicken Pizza,,,USD,21.63,21.63,0,21.63,Delivery,iOS,Uber Eats
Ali's Mediterranean Sandwiches (114 East Main Street),f3b9fd27-ad15-42c4-90fd-d33eea1e5092,United States,USA,Dallas,6CDBB,d0e4036f-190c-4c38-88c6-3ea27566cdbb,2026-02-08 23:25:23.000,2026-02-08 23:25:25.000,2026-02-10 04:49:16.000,ISSUE_WITH_ITEMS,<WRONG_ITEM>,"Garlic Garden Burger (Garlic Sauce, Cucumber, Tomato)",,I ordered the garlic burger and received a falafel sandwich ,USD,23.64,10.7,0,10.7,Delivery,iOS,Uber Eats
Allan's Cheesesteaks (1338 Polk St),63aa5687-e22b-451a-bdfc-ca16178d8903,United States,USA,San Francisco,925B1,e10cc917-f0cc-47b2-8626-84c68f0925b1,2026-02-01 00:02:34.000,2026-02-01 00:02:36.000,2026-02-01 02:26:08.000,WRONG_ORDER,<WRONG_ORDER>,Teriyaki Halal Cheesesteak (8 inch),,,USD,22.58,22.57,17.37,5.2,Delivery,iOS,Uber Eats
Amanda's Breakfast Lounge (111 E 161 St),d58170c8-822b-4670-8669-0a9013006263,United States,USA,New York City,51694,fb983df4-240c-4420-9372-6d8be6551694,2026-02-03 00:29:06.000,2026-02-03 00:29:09.000,2026-02-03 02:17:49.000,ISSUE_WITH_ITEMS,<MISSING_ITEM>,Tropicana Juices,,,USD,21.19,2.41,2.17,0.24,Delivery,iOS,Uber Eats
Amanda's Breakfast Lounge (111 E 161 St),d58170c8-822b-4670-8669-0a9013006263,United States,USA,New York City,69728,2b3c7f67-e940-413a-9bec-0f2e40869728,2026-02-09 10:53:32.000,2026-02-09 10:53:35.000,2026-02-10 03:22:45.000,ISSUE_WITH_ITEMS,<MISSING_ITEM>,Home Fries & Sausage Breakfast Platter,,,USD,25.94,17.67,0,17.67,Delivery,iOS,Postmates
Amanda's Breakfast Lounge (111 E 161 St),d58170c8-822b-4670-8669-0a9013006263,United States,USA,New York City,11C0A,b4994e3d-59d6-43fd-b4b2-f82157411c0a,2026-02-15 12:35:16.000,2026-02-15 12:35:19.000,2026-02-16 06:52:10.000,ISSUE_WITH_ITEMS,<ISSUE_WITH_ITEMS - MISSING_ITEM>,Pancake or French Toast Breakfast Platter,Pancake or French Toast Breakfast Platter-Turkey Bacon,,USD,35.31,6.97,0,6.97,Delivery,iOS,Uber Eats
Amanda's Breakfast Lounge (111 E 161 St),d58170c8-822b-4670-8669-0a9013006263,United States,USA,New York City,AFB2C,f420c576-fcec-4d75-9fa0-200f3d8afb2c,2026-02-19 05:41:47.000,2026-02-19 05:41:50.000,2026-02-19 07:26:16.000,ISSUE_WITH_ITEMS,<WRONG_ITEM>,Bacon & Cheese Home Fries,,I received eggs bacon and home fries I ordered cheese and bacon home fries ,USD,27.03,8.1,0,8.1,Delivery,iOS,Uber Eats
Amanda's Breakfast Lounge (111 E 161 St),d58170c8-822b-4670-8669-0a9013006263,United States,USA,New York City,90F03,e02513be-6d6f-4a16-ac2f-2581b4690f03,2026-02-28 10:06:24.000,2026-02-28 10:06:27.000,2026-03-03 03:25:38.000,ISSUE_WITH_ITEMS,<ISSUE_WITH_ITEMS - MISSING_ITEM>,Home Fries & Bacon Breakfast Platter,Home Fries & Bacon Breakfast Platter-Sausage,,USD,64.45,9.99,0,9.99,Delivery,iOS,Uber Eats
Ava's Fried Chicken,d19c45d6-f26e-4c17-9cc7-c05caae6dffb,United States,USA,Pittsburgh,20124,07c34364-cc26-46e5-b4da-7a7f63d20124,2026-02-25 10:37:12.000,2026-02-25 10:37:15.000,2026-02-25 12:53:07.000,ISSUE_WITH_ITEMS,<ISSUE_WITH_ITEMS - MISSING_ITEM> <ISSUE_WITH_ITEMS - MISSING_ITEM> <WRONG_ITEM>,Golden Spicy Fried Chicken Thighs | Original Fried Chicken Thighs | Slice of Sweet Potato Pie,Golden Spicy Fried Chicken Thighs-Side of Creamy Ranch | Original Fried Chicken Thighs-Side of Creamy Ranch | ,| | They gave me the apple pie not sweet potato pie,USD,38.51,5.51,0,5.51,Delivery,Android,Uber Eats
Bagel Dynasty (1174 Chapel St),fc5f8f92-9da0-578f-a153-78ea722c2cb2,United States,USA,Connecticut,A7DCE,ef573876-259e-4f0e-b82c-4de2d6ca7dce,2026-02-08 11:28:35.000,2026-02-08 11:28:38.000,2026-02-10 06:53:11.000,WRONG_ORDER,<WRONG_ORDER> <WRONG_ORDER>,Toasted Bagel with Cream Cheese | Toasted Bagel with Peanut Butter & Jelly,,| ,USD,25.77,25.77,0,25.77,Delivery,Android,Uber Eats
Bagel Dynasty (1237 Fulton St),,United States,USA,New York City,46025,0705ba9e-d757-432e-b8c2-f5362f846025,2026-02-20 10:37:08.000,2026-02-20 10:37:11.000,2026-02-20 11:37:32.000,ISSUE_WITH_ITEMS,<WRONG_ITEM>,Hot Pastrami and Cream Cheese Bagel,,Whole wheat bagel,USD,23.58,11.8,0,11.8,Delivery,iOS,Uber Eats
Beeman's Burger Bar (93 Avenue A),,United States,USA,New York City,367CC,4b267677-e49e-48db-aa69-0b84d80367cc,2026-02-23 18:22:00.000,2026-02-23 18:22:02.000,2026-02-25 03:07:13.000,ISSUE_WITH_ITEMS,<ISSUE_WITH_ITEMS - MISSING_ITEM> <WRONG_ITEM>,The Bacon Cheeseburger | Seasoned Fries,The Bacon Cheeseburger-Avocado | ,| Wrong,USD,36.05,12.32,0,12.32,Delivery,iOS,Uber Eats
Bennys Buffalo Wings,83bf4853-6bad-4f61-9065-f52d4e8bd630,United States,USA,Los Angeles,FC9D5,10acee19-c6cf-4245-8788-96c5a54fc9d5,2026-02-21 21:04:04.000,2026-02-21 21:04:08.000,2026-02-25 00:09:15.000,WRONG_ORDER,<WRONG_ORDER>,Original Fried Wings,,,USD,22.49,22.5,0,22.5,Delivery,iOS,Uber Eats
Big Ease Smoothies (2051 Frederick Douglass Blvd),,United States,USA,New York City,554F3,60a35c61-37ca-405b-a56a-5f5939d554f3,2026-02-17 23:30:09.000,2026-02-17 23:30:12.000,2026-02-18 01:17:39.000,ISSUE_WITH_ITEMS,<MISSING_ITEM>,Curly Fries,,,USD,16.97,6.64,6.09,0.55,Delivery,iOS,Uber Eats
Breakfast N Vibe,5b6bccbb-7f52-5c00-991b-581a4078862b,United States,USA,New York City,AB0CF,91469cd8-5ced-4df9-8f77-83bd576ab0cf,2026-02-14 06:43:40.000,2026-02-14 08:30:01.000,2026-02-16 06:54:46.000,ISSUE_WITH_ITEMS,<PARTIAL_MISSING_ITEM>,"Egg, Cheese and Bacon Sandwich",,Theres no bacon just egg and cheeze,USD,14.66,5.21,0,5.21,Delivery,iOS,Uber Eats
Breakfast N Vibe,5b6bccbb-7f52-5c00-991b-581a4078862b,United States,USA,New York City,C59E1,c05b3c32-e131-47f3-8e87-693e8e2c59e1,2026-02-21 00:57:41.000,2026-02-21 00:57:44.000,2026-02-25 03:10:39.000,ISSUE_WITH_ITEMS,<ISSUE_WITH_ITEMS - MISSING_ITEM>,Grilled Cheese,Grilled Cheese-Add French Fries,,USD,15.62,2.71,0,2.71,Delivery,iOS,Uber Eats
Breakfast N Vibe (4234 Broadway),,United States,USA,New York City,80D02,8dd6cbf8-378c-491a-acc6-010a3cb80d02,2026-02-22 11:35:19.000,2026-02-22 11:35:22.000,2026-02-25 03:08:35.000,WRONG_ORDER,<WRONG_ORDER>,Philly Omelette,,,USD,18.71,18.71,0,18.71,Delivery,iOS,Uber Eats
Broadway Marketplace (689 Broadway),8a99d7d3-9cb2-554c-8307-1a18b10d7d34,United States,USA,New York City,63F04,6225be94-5f44-45f4-94cd-ad7c6ee63f04,2026-02-27 10:16:57.000,2026-02-27 10:17:00.000,2026-03-03 03:28:27.000,ISSUE_WITH_ITEMS,<WRONG_ITEM>,Brownie,,I thought i was receiving a plain brownie and they sent me one with walnuts and i can’t eat walnuts ,USD,15.09,4.61,0,4.61,Delivery,iOS,Uber Eats
Brooks Fried Chicken,e1653f62-71ab-4870-9ca7-8db7e6140f85,United States,USA,New York City,6A77A,ecc0de2c-79ff-4cd0-a130-6c4dc516a77a,2026-02-26 12:24:37.000,2026-02-26 12:24:40.000,2026-02-26 13:25:24.000,FOOD_QUALITY,<FOOD_QUALITY-SPOILED_OR_STALE> <FOOD_QUALITY-SPOILED_OR_STALE>,Original Fried Chicken Wings | Original Chicken Tenders & Waffles,,| ,USD,14.92,14.92,0,14.92,Delivery,iOS,Uber Eats
Brooks Ice Cream Parlor,66187d11-3630-4ee2-b6ec-277b2971a9eb,United States,USA,San Francisco,18F2B,3a15731a-5a8c-4462-bf0b-b8ea07d18f2b,2026-02-17 00:17:39.000,2026-02-17 00:17:42.000,2026-02-17 02:22:07.000,WRONG_ORDER,<WRONG_ORDER> <WRONG_ORDER>,Strawberry Lemonade Smoothie | Mango Lemonade Smoothie,,| ,USD,31.77,31.77,15.4,16.37,Delivery,Android,Uber Eats
Casa De Quesadilla (1424 Lexington Ave),eb8a2773-10ae-5241-af12-33c0496c113b,United States,USA,New York City,13384,de64db96-01fb-4246-8d0b-6ad03ac13384,2026-02-21 00:52:11.000,2026-02-21 00:52:13.000,2026-02-25 03:11:20.000,WRONG_ORDER,<WRONG_ORDER>,Chicken Fajita Panini,,,USD,24.65,24.65,0,24.65,Delivery,iOS,Uber Eats
Casa De Quesadilla (415 E Windmill Ln),,United States,USA,Las Vegas,A6DAB,11bbcaa1-b7ae-4378-886d-663d80ba6dab,2026-02-18 18:42:54.000,2026-02-18 18:42:56.000,2026-02-18 20:30:16.000,ISSUE_WITH_ITEMS,<ISSUE_WITH_ITEMS - MISSING_ITEM>,Asada Quesadilla,Asada Quesadilla-Chips & Salsa,,USD,48.37,9.06,0,9.06,Delivery,iOS,Uber Eats
Chanel's Coffee House (2051 Frederick Douglass Blvd),,United States,USA,New York City,9A8B7,f1e144d6-cd1c-4296-937b-d61afa79a8b7,2026-02-04 02:48:36.000,2026-02-04 02:48:38.000,2026-02-04 04:26:39.000,ISSUE_WITH_ITEMS,<WRONG_ITEM>,The Danish,,A cup cake was delivered not my danish ,USD,23.1,6.81,0,6.81,Delivery,iOS,Uber Eats
Charlie's Chicken Wings,0bc68c2b-b6a0-4666-ba20-09a422e52cc3,United States,USA,Nashville,50CE8,1fd7761e-0925-487f-82af-40d7d5e50ce8,2026-02-17 13:45:21.000,2026-02-17 13:45:25.000,2026-02-17 15:21:14.000,ISSUE_WITH_ITEMS,<WRONG_ITEM>,Lemonade Bottle,,I received tea instead of the 6.99 lemonade bottle I paid for ,USD,27.29,6.5,6.16,0.34,Delivery,iOS,Uber Eats
Cheesecake And Dessert Bar,26921c28-1956-416f-908b-88cad6bdc6ce,United States,USA,New York City,DECEF,24039d0c-0aa4-4f03-a26d-b953360decef,2026-02-02 23:15:51.000,2026-02-02 23:15:54.000,2026-02-03 00:13:17.000,WRONG_ORDER,<WRONG_ORDER> <WRONG_ORDER>,Giant Vanilla Ice Cream Sandwich | Triple Chocolate Cake,,| ,USD,17.88,17.88,0,17.88,Delivery,iOS,Uber Eats
Cherry's Chic Desserts (4249 Washington St),64da2202-9968-5947-b3e4-43d52c38deb9,United States,USA,Boston,F26AB,d6be2050-9fc6-4418-933c-972faf4f26ab,2026-02-13 16:36:44.000,2026-02-13 16:36:48.000,2026-02-13 17:46:10.000,WRONG_ORDER,<WRONG_ORDER> <WRONG_ORDER>,Fried Dough Bites | Churros,,| ,USD,16.47,16.47,0,16.47,Delivery,iOS,Uber Eats
Chicken Sandwich Loft (1595 Seminole Blvd),e15d3e92-82d4-49d8-81a6-922b9fcc8361,United States,USA,Tampa Bay,9D49C,ec2184e0-04f6-4a3d-a2ff-e7dabed9d49c,2026-02-02 09:28:52.000,2026-02-02 11:18:49.000,2026-02-03 12:19:02.000,ISSUE_WITH_ITEMS,<PARTIAL_MISSING_ITEM>,Tex-Mex Loaded Fries (Guacamole and Pico De Gallo),,I am missing the gauc on my fries ,USD,24.33,7.6,0,7.6,Delivery,iOS,Uber Eats
Chicken Sandwich Loft (1595 Seminole Blvd),e15d3e92-82d4-49d8-81a6-922b9fcc8361,United States,USA,Tampa Bay,BD5C1,f1fca07e-3554-4482-ae32-9f775c3bd5c1,2026-02-19 09:39:02.000,2026-02-19 09:39:06.000,2026-02-19 11:52:26.000,ISSUE_WITH_ITEMS,<WRONG_ITEM>,Cheese Fries,,I wanted regular cheese fries no chili ,USD,24.51,6.66,0,6.66,Delivery,iOS,Uber Eats
Crave of Cake (2334 N Charles St),1497a4cd-3a98-4de4-a25e-49bfb56f3976,United States,USA,Baltimore-Maryland,96567,4b7354b0-5f03-4e68-bc9d-bf7a87d96567,2026-02-05 12:55:54.000,2026-02-05 12:55:58.000,2026-02-05 15:09:27.000,ISSUE_WITH_ITEMS,<MISSING_ITEM>,Sweet Potato Pie,,,USD,25.9,7.88,0,7.88,Delivery,iOS,Uber Eats
Crave of Cake (2334 N Charles St),1497a4cd-3a98-4de4-a25e-49bfb56f3976,United States,USA,Baltimore-Maryland,18A0D,909acf71-3059-40c8-ab4f-72c722a18a0d,2026-02-09 23:57:52.000,2026-02-09 23:57:56.000,2026-02-11 10:41:07.000,ISSUE_WITH_ITEMS,<MISSING_ITEM>,Sweet Potato Pie,,,USD,15.23,7.45,0,7.45,Delivery,Android,Uber Eats
Crave of Cake (2334 N Charles St),1497a4cd-3a98-4de4-a25e-49bfb56f3976,United States,USA,Baltimore-Maryland,1CEC1,a3620d4e-d0cd-4035-858d-806f5131cec1,2026-02-16 14:06:44.000,2026-02-16 14:06:48.000,2026-02-16 16:13:51.000,ISSUE_WITH_ITEMS,<MISSING_ITEM>,Apple Pie,,,USD,15.23,7.45,6.78,0.67,Delivery,iOS,Uber Eats
Crave of Cake (2334 N Charles St),1497a4cd-3a98-4de4-a25e-49bfb56f3976,United States,USA,Baltimore-Maryland,02F81,ee2803ff-2905-4584-9dc1-1afc0ba02f81,2026-02-18 20:46:48.000,2026-02-18 20:46:51.000,2026-02-18 23:08:02.000,ISSUE_WITH_ITEMS,<MISSING_ITEM> <MISSING_ITEM> <MISSING_ITEM>,Oreo Cake | Carrot Cake | German Chocolate Cake,,| | ,USD,32.77,21.89,20.34,1.55,Delivery,iOS,Uber Eats
Daybreak Breakfast Club (172 Prince St),,United States,USA,New York City,073CE,658421a8-b3d5-44ff-8030-c433672073ce,2026-02-09 05:52:00.000,2026-02-09 05:52:02.000,2026-02-10 05:48:35.000,ISSUE_WITH_ITEMS,<PARTIAL_MISSING_ITEM>,Avocado Omelette,,The home fries were missing from the order which was a side includes,USD,20.3,19.81,0,19.81,Delivery,iOS,Uber Eats
Doughboys Sandwiches (101 Guyon Ave),b54faebc-cab6-4a16-8edf-da316bf76d8a,United States,USA,New York City,EB24F,d6fdf46f-ca2c-4c07-a547-7517b3aeb24f,2026-02-06 20:50:25.000,2026-02-06 20:50:55.000,2026-02-11 10:49:42.000,ISSUE_WITH_ITEMS,<MISSING_ITEM> <ISSUE_WITH_ITEMS - MISSING_ITEM | WRONG_ITEM>,House Club Sandwich | House Club Sandwich,House Club Sandwich-Onion Rings | House Club Sandwich-Large | House Club Sandwich-Onion Rings | House Club Sandwich-Large,| ,USD,35.72,29.33,0,29.33,Delivery,iOS,Uber Eats
Doughboys Sandwiches (101 Guyon Ave),b54faebc-cab6-4a16-8edf-da316bf76d8a,United States,USA,New York City,3F61E,e789ed42-cd6a-4081-9bdd-ea605be3f61e,2026-02-16 02:36:14.000,2026-02-16 02:36:18.000,2026-02-16 04:30:14.000,ISSUE_WITH_ITEMS,<FOOD_QUALITY-BURNT>,Philly Cheesesteak Sandwich,,,USD,19.52,19.52,0,19.52,Delivery,iOS,Uber Eats
El Tarasco,3d6e9db2-4f0b-4af0-879d-09307a0993b6,United States,USA,Los Angeles,512D8,cdfa25ba-0331-44e0-bc57-1effa5d512d8,2026-02-01 15:52:32.000,2026-02-01 15:52:35.000,2026-02-01 17:51:29.000,ISSUE_WITH_ITEMS,<MISSING_ITEM> <MISSING_ITEM> <MISSING_ITEM>,Pepsi - 32 Oz | Quesadilla with Ortega Chile Sauce | Chips & Cheese,,| | ,USD,107.98,28.48,26.32,2.16,Delivery,iOS,Uber Eats
El Tarasco,3d6e9db2-4f0b-4af0-879d-09307a0993b6,United States,USA,Los Angeles,55582,984fb769-cae2-445e-b9cf-07da00b55582,2026-02-25 18:29:04.000,2026-02-25 18:29:08.000,2026-03-03 00:31:08.000,ISSUE_WITH_ITEMS,<MISSING_ITEM>,Chicken Taquitos,,,USD,41.87,6.53,0,6.53,Delivery,Android,Uber Eats
First Light Breakfast Cafe (101 Guyon Ave),fb8c62f9-fe2f-43d5-b0b2-e0e54e2aa0e9,United States,USA,New York City,B0858,d6be2916-b3de-471a-a3b2-02738f0b0858,2026-02-14 09:03:45.000,2026-02-14 09:03:47.000,2026-02-16 06:55:28.000,ISSUE_WITH_ITEMS,<ISSUE_WITH_ITEMS - MISSING_ITEM>,Steak & Egg Breakfast Sandwich,Steak & Egg Breakfast Sandwich-Bacon,,USD,73.42,5.98,0,5.98,Delivery,Android,Uber Eats
First Light Breakfast Cafe (101 Guyon Ave),fb8c62f9-fe2f-43d5-b0b2-e0e54e2aa0e9,United States,USA,New York City,480DD,2e396b77-4e56-4189-ad1f-092cd40480dd,2026-02-17 11:13:34.000,2026-02-17 11:13:37.000,2026-02-17 13:20:12.000,ISSUE_WITH_ITEMS,<MISSING_ITEM>,Frappuccino,,,USD,36.28,8.88,7.39,1.49,Delivery,iOS,Uber Eats
First Light Breakfast Cafe (115-20 Queens Blvd),01360a14-dad8-47a1-9285-d639f2257517,United States,USA,New York City,8327F,45079170-5fea-4991-8631-fbdadff8327f,2026-02-21 10:15:20.000,2026-02-21 10:15:22.000,2026-02-25 03:09:56.000,ISSUE_WITH_ITEMS,<MISSING_ITEM>,B.E.C. Sandwich,,,USD,21.02,9.14,0,9.14,Delivery,iOS,Uber Eats
FirstBite Breakfast Sandwiches (382 8th Ave),,United States,USA,New York City,66D9E,17d56c8a-0a86-4e0a-98b5-7869f8c66d9e,2026-02-07 04:59:09.000,2026-02-07 04:59:12.000,2026-02-11 10:48:59.000,ISSUE_WITH_ITEMS,<ISSUE_WITH_ITEMS - MISSING_ITEM>,Bacon and Egg Sandwich,Bacon and Egg Sandwich-Hash Browns,,USD,16.83,4.4,0,4.4,Delivery,iOS,Uber Eats
Flowers Bouquet Shop (171 Bleecker St),23f304db-f057-57cb-b64d-1babaab7ed00,United States,USA,New York City,21B0C,06d1305e-5b0b-42f3-875e-387c69f21b0c,2026-02-09 07:33:29.000,2026-02-09 07:39:07.000,2026-02-09 16:54:31.000,ISSUE_WITH_ITEMS,<FOOD_QUALITY-SPOILED_OR_STALE>,Colorful Bouquet #3,,,USD,69.99,68.43,0,68.43,Delivery,iOS,Uber Eats
Flowers Bouquet Shop (171 Bleecker St),23f304db-f057-57cb-b64d-1babaab7ed00,United States,USA,New York City,C4057,46cd5414-6a42-452c-ab5d-833fac0c4057,2026-02-19 09:23:06.000,2026-02-19 09:23:57.000,2026-02-19 12:23:56.000,WRONG_ORDER,<WRONG_ORDER>,Save the Last Dance,,,USD,85.57,85.57,0,85.57,Delivery,iOS,Uber Eats
Fresco Pizza & Shawarma,8691cdb9-9a5d-401b-ab23-f2596bb1ed8a,United States,USA,San Francisco,2A1BB,4c760955-4714-4d7d-9002-cc426b62a1bb,2026-02-28 04:15:26.000,2026-02-28 04:15:29.000,2026-03-03 00:26:18.000,WRONG_ORDER,<WRONG_ORDER>,Mixed Mediterranean Appetizer Platter,,,USD,23.92,23.92,0,23.92,Delivery,iOS,Uber Eats
General's French Toast (1147 West Chester Pike),d4cad5fa-9774-5a78-b8ad-a3b072f55233,United States,USA,Philadelphia,92F62,1ba4864e-be56-4fe2-981c-243892592f62,2026-02-17 13:38:30.000,2026-02-17 13:38:33.000,2026-02-17 15:30:16.000,ISSUE_WITH_ITEMS,<MISSING_ITEM>,Coffee,,,USD,22.09,2.93,2.46,0.47,Delivery,iOS,Uber Eats
Greens Salad God (493 Old Hickory Blvd),,United States,USA,Nashville,61D64,c000bc17-e7cb-437a-b571-f4fd27361d64,2026-02-20 22:19:56.000,2026-02-20 22:19:59.000,2026-02-25 02:12:03.000,ISSUE_WITH_ITEMS,<PARTIAL_WRONG_ITEM>,Bacon Ranch Potato Wedges,,Missing toppings. Supposed to be ranch wedges. $9.79 for potatoes. No ranch.,USD,18.98,9.32,0,9.32,Delivery,iOS,Uber Eats
Heavenly Market (172 Prince St ),2831d7ae-6801-56e4-888f-d2cda7112f66,United States,USA,New York City,AB1B3,af2b90b3-f5aa-4958-908b-d18b9b6ab1b3,2026-02-08 23:00:22.000,2026-02-08 23:00:24.000,2026-02-10 05:57:59.000,ISSUE_WITH_ITEMS,<MISSING_ITEM>,Chicken Caesar Wrap,,,USD,32.01,19.01,0,19.01,Delivery,iOS,Uber Eats
Heavenly Market (172 Prince St ),2831d7ae-6801-56e4-888f-d2cda7112f66,United States,USA,New York City,B33A8,ed7c7105-4d8c-4c97-8193-ebce944b33a8,2026-02-23 13:19:40.000,2026-02-23 13:19:42.000,2026-02-25 03:07:55.000,ISSUE_WITH_ITEMS,<MISSING_ITEM>,Sweet Potato Fries,,,USD,82.54,6.85,0,6.85,Pickup,iOS,Uber Eats
High Life Breakfast Sandwiches (3319 W Pico Blvd),4271ba51-ea3f-4fec-b94d-48ae13a5415f,United States,USA,Los Angeles,141B6,ca5f96f4-6592-4672-9ddb-c0bd8ff141b6,2026-02-05 08:57:41.000,2026-02-05 08:57:45.000,2026-02-05 10:31:10.000,WRONG_ORDER,<WRONG_ORDER> <WRONG_ORDER>,Bottled Orange Juice | Pancake Breakfast Combo,,| ,USD,23.55,23.52,0,23.52,Delivery,iOS,Uber Eats
Holly's Burgers,1cb5ad90-0551-4bff-8b8e-d75d1238eb6f,United States,USA,New York City,6D057,e0261e91-9838-4d98-8a61-15258f86d057,2026-02-19 01:09:00.000,2026-02-19 01:09:03.000,2026-02-19 03:11:51.000,ISSUE_WITH_ITEMS,<ISSUE_WITH_ITEMS - MISSING_ITEM>,Bacon Cheeseburger,Bacon Cheeseburger-Coke Can,,USD,16.51,2.85,0,2.85,Delivery,iOS,Uber Eats
Hyde's Grilled Cheese (415 W Gray St),7bf70a77-034a-4173-87a3-c99ce1b57662,United States,USA,Houston,094CC,0c27a322-7355-4713-8f08-6bc6f7e094cc,2026-02-10 17:16:28.000,2026-02-10 17:16:30.000,2026-02-11 09:05:08.000,WRONG_ORDER,<WRONG_ORDER>,Grilled Ham & Cheese,,,USD,17.06,17.06,0,17.06,Delivery,iOS,Uber Eats
JavaFlip Pancakes & More (382 8th Ave),,United States,USA,New York City,918EC,0304c7da-5de8-4536-b031-f4895ce918ec,2026-02-05 00:09:37.000,2026-02-05 00:09:39.000,2026-02-05 09:49:49.000,ISSUE_WITH_ITEMS,<MISSING_ITEM> <MISSING_ITEM>,"Chocolate Chip Buttermilk Pancakes (3 pcs) | The Sausage, Egg, and Cheese Bagel Sandwich",,| ,USD,34.64,16.91,0,16.91,Delivery,iOS,Uber Eats
JavaFlip Pancakes & More (382 8th Ave),,United States,USA,New York City,BB7FC,bfe720fa-84fd-4858-82bc-67bab9cbb7fc,2026-02-12 10:01:18.000,2026-02-12 10:01:21.000,2026-02-16 07:01:20.000,WRONG_ORDER,<WRONG_ORDER>,Strawberry French Toast,,,USD,16.13,16.13,0,16.13,Delivery,Android,Uber Eats
JavaFlip Pancakes & More (382 8th Ave),,United States,USA,New York City,79619,2920671a-1eb6-4a6f-b8e8-e57d93f79619,2026-02-13 13:20:13.000,2026-02-13 13:20:15.000,2026-02-16 06:56:35.000,ISSUE_WITH_ITEMS,<MISSING_ITEM>,Strawberry Buttermilk Pancakes (3 pcs),,,USD,19.83,10.25,0,10.25,Delivery,iOS,Uber Eats
Jewel's Breakfast Joint (370 Main St),ea388be6-909f-4f0c-b0f6-3466a4b64a13,United States,USA,New Jersey,DAD8E,d536c2ed-6381-44b5-b22b-0427907dad8e,2026-02-25 15:22:41.000,2026-02-26 08:18:16.000,2026-03-03 03:30:28.000,ISSUE_WITH_ITEMS,<MISSING_ITEM> <ISSUE_WITH_ITEMS - MISSING_ITEM | MISSING_ITEM> <MISSING_ITEM>,"Pancakes, Eggs, and Meat | Homemade Fruit Punch | Homemade Fruit Punch",Homemade Fruit Punch-Large | Homemade Fruit Punch-Large | Homemade Fruit Punch-Large | Homemade Fruit Punch-Large,| | ,USD,51.75,31.85,0,31.85,Delivery,iOS,Uber Eats
John's Pizza Den (3402 Tulane Ave),,United States,USA,New Orleans,2B6BE,7004696f-cf77-4970-8682-9dff4a72b6be,2026-02-12 23:59:45.000,2026-02-12 23:59:49.000,2026-02-16 05:59:19.000,ISSUE_WITH_ITEMS,<MISSING_ITEM>,Soda (2 L),,,USD,38.3,6.95,0,6.95,Delivery,iOS,Uber Eats
K's Slice of Cake,94673af5-77db-4e18-94e8-3902b961d2f2,United States,USA,New York City,E25C7,875e637c-7aa5-4ac4-8858-7813cc8e25c7,2026-02-04 13:08:42.000,2026-02-04 13:08:45.000,2026-02-04 14:54:13.000,ISSUE_WITH_ITEMS,<WRONG_ITEM>,Strawberry Shortcake,,This isn't the strawberry shortcake that was described on the website picture ,USD,13.1,9.01,0,9.01,Delivery,Android,Uber Eats
Livia's Mediterranean Table (1849 N Scottsdale Rd),742c53cc-8405-57a4-8813-0b34d87f0030,United States,USA,Phoenix,FDB89,0053ff5f-e3bd-47e6-9c61-c9c80f1fdb89,2026-02-04 02:01:54.000,2026-02-04 02:01:59.000,2026-02-04 04:35:15.000,ISSUE_WITH_ITEMS,<MISSING_ITEM> <MISSING_ITEM>,Mini Meat Pie (Lahm Bejeen) | Meat Boat (Turkia),,| ,USD,38.49,11.42,0,11.42,Delivery,Android,Uber Eats
Local Breakfast Spot,490e68c6-122a-4e05-9b46-5b62c3196374,United States,USA,New York City,1A134,bf3f2d47-9596-4b32-af4d-c9821831a134,2026-02-12 11:50:12.000,2026-02-12 11:50:15.000,2026-02-16 06:59:59.000,ISSUE_WITH_ITEMS,<ISSUE_WITH_ITEMS - MISSING_ITEM> <ISSUE_WITH_ITEMS - MISSING_ITEM>,"The Greek Omelette | Sausage, Egg & Cheese Bagel","The Greek Omelette-Orange Juice | Sausage, Egg & Cheese Bagel-French Fries",| ,USD,21.92,7.3,0,7.3,Pickup,iOS,Uber Eats
Lola's Smoothie Mix,,United States,USA,New York City,185E6,eb1ba0ee-b8ee-4021-811b-5144915185e6,2026-02-11 21:49:58.000,2026-02-11 21:50:01.000,2026-02-16 07:02:03.000,ISSUE_WITH_ITEMS,<WRONG_ITEM>,Detox Juice,,I received two peanut butter smoothies and one green smoothie instead of two green smoothies and one peanut butter. ,USD,35.96,10.82,0,10.82,Delivery,iOS,Uber Eats
Lucy's Pancake Bar (5993 Broadway),79896e0f-e2c6-5cf5-8884-95543d1cb7f4,United States,USA,New York City,6786E,d154b52b-a17e-4b70-844e-7b5d4ae6786e,2026-02-01 10:22:29.000,2026-02-01 10:22:32.000,2026-02-01 12:36:15.000,ISSUE_WITH_ITEMS,<ISSUE_WITH_ITEMS - MISSING_ITEM | MISSING_ITEM>,Classic French Toast,Classic French Toast-Add Bacon | Classic French Toast-Cappuccino (Small),,USD,26.13,7.82,7.31,0.51,Delivery,iOS,Uber Eats
Luke's Breakfast Club (2126-2130 Caton Ave),,United States,USA,New York City,3B0A4,3985c752-1466-471f-aace-04e0c813b0a4,2026-02-16 05:54:45.000,2026-02-16 05:54:48.000,2026-02-16 21:31:46.000,ISSUE_WITH_ITEMS,<ISSUE_WITH_ITEMS - WRONG_ITEM>,Southwest Omelette,Southwest Omelette-Coffee (Small),,USD,20.2,3.37,3.04,0.33,Delivery,iOS,Uber Eats
Martha's Pancake Bar (38-01 Vernon Boulevard),,United States,USA,New York City,668C6,91b88a90-e17e-4390-a63e-7a06fc5668c6,2026-02-15 09:19:55.000,2026-02-15 09:20:13.000,2026-02-16 06:53:35.000,ISSUE_WITH_ITEMS,<ISSUE_WITH_ITEMS - MISSING_ITEM>,The Sausage Pancakes,The Sausage Pancakes-Hash Browns (2 pcs),,USD,21.35,5.68,0,5.68,Delivery,Android,Uber Eats
Mary's Chicken Sandwiches (1929 Chestnut St),bedd4abe-c71f-479b-ae16-7f8bf5dcd024,United States,USA,Philadelphia,AFFD0,7776bdbf-3004-45d3-b4b1-b7413d7affd0,2026-02-09 14:15:40.000,2026-02-09 14:15:43.000,2026-02-10 05:30:58.000,ISSUE_WITH_ITEMS,<WRONG_ITEM>,Western BBQ Chicken Sandwich,,Grilled chicken with BBQ and cheese. Not the listed item.,USD,30.4,18.99,0,18.99,Delivery,Android,Uber Eats
Mary's Chicken Sandwiches (1929 Chestnut St),bedd4abe-c71f-479b-ae16-7f8bf5dcd024,United States,USA,Philadelphia,935A4,17493f93-a0ef-4914-8e2a-2233928935a4,2026-02-28 18:45:55.000,2026-02-28 18:45:57.000,2026-03-03 03:21:44.000,ISSUE_WITH_ITEMS,<WRONG_ITEM>,Canned Soda,,Received grape instead of orange,USD,31.88,2.33,0,2.33,Delivery,iOS,Uber Eats
Mexican Tostadas Shack (916 Hempstead Turnpike),8c32a23b-18e7-5be3-bfd6-f0642f0dec99,United States,USA,NYC Suburbs,D7555,d26fde4f-0acd-474b-b45d-b39e771d7555,2026-02-01 12:32:56.000,2026-02-01 12:35:43.000,2026-02-02 04:20:20.000,ISSUE_WITH_ITEMS,<FOOD_QUALITY-SPOILED_OR_STALE>,The Vegetariana Tostada,,,USD,17.42,17.42,0,17.42,Delivery,iOS,Uber Eats
Ming's Fried Chicken,7033b632-924c-4018-a9dc-c771f1a55bd2,United States,USA,San Francisco,9AAB3,82dd4a63-216e-4cb8-b909-53cc4969aab3,2026-02-20 14:56:50.000,2026-02-20 14:56:52.000,2026-02-25 00:12:43.000,ISSUE_WITH_ITEMS,<MISSING_ITEM>,Spicy Dumplings,,,USD,25.43,12.44,0,12.44,Delivery,iOS,Uber Eats
Ming's Fried Chicken,7033b632-924c-4018-a9dc-c771f1a55bd2,United States,USA,San Francisco,B6914,a47878f2-e1c8-4dc2-9cf5-35ff5a2b6914,2026-02-27 14:47:59.000,2026-02-27 14:48:01.000,2026-03-03 00:26:58.000,ISSUE_WITH_ITEMS,<WRONG_ITEM> <MISSING_ITEM>,Orange Chicken | Coca Cola,,| ,USD,17.6,14.35,0,14.35,Delivery,iOS,Uber Eats
Modern Vegan Indian,73d245ec-702a-4282-acaa-273f921a61ac,United States,USA,San Francisco,492AC,dd5e31e8-d1bb-43a9-b2b7-8db133a492ac,2026-02-13 23:20:31.000,2026-02-13 23:20:33.000,2026-02-14 00:28:07.000,FOOD_QUALITY,<FOOD_QUALITY-SPOILED_OR_STALE> <FOOD_QUALITY-SPOILED_OR_STALE>,Vegan Tadka Dal | Basmati Rice,,| ,USD,23.44,23.45,0,23.45,Delivery,iOS,Uber Eats
Modern Vegan Indian,73d245ec-702a-4282-acaa-273f921a61ac,United States,USA,San Francisco,3D427,b83ac481-d66a-4a9d-856c-1e8d7853d427,2026-02-24 21:36:48.000,2026-02-24 21:36:49.000,2026-02-24 22:58:59.000,ISSUE_WITH_ITEMS,<FOOD_QUALITY-SPOILED_OR_STALE>,Vegan Tadka Dal,,,USD,23.03,17.08,0,17.08,Delivery,iOS,Uber Eats
NY Breakfast Spot,bc51d43c-87f8-41b5-9ae8-e15be11f4c80,United States,USA,New York City,2F620,047b0205-58fc-4a35-9c59-d63c37c2f620,2026-02-15 09:28:59.000,2026-02-15 09:29:01.000,2026-02-15 11:17:21.000,WRONG_ORDER,<WRONG_ORDER> <WRONG_ORDER> <WRONG_ORDER> <WRONG_ORDER>,"Blueberry Pancakes | Side of Bacon | Bagel with Butter | Bacon, Egg, and Cheese Bagel",,| | | ,USD,28.23,28.23,0,28.23,Delivery,iOS,Uber Eats
NY Breakfast Spot,bc51d43c-87f8-41b5-9ae8-e15be11f4c80,United States,USA,New York City,6DB33,7d24d259-d6b8-4422-9108-246cd2a6db33,2026-02-27 11:00:46.000,2026-02-27 11:00:51.000,2026-03-03 04:03:15.000,ISSUE_WITH_ITEMS,<PARTIAL_MISSING_ITEM>,Can of Coca-Cola,,There was no coca cola soda. The driver said they never gave it to him,USD,18.67,2.02,0,2.02,Delivery,Android,Uber Eats
Olivia's Breakfast Cafe (319 Rogers Ave),60c1c83a-14a1-58d2-bacf-b81f107fb08c,United States,USA,New York City,178F6,382982cd-dc56-4640-bb4b-f32fe97178f6,2026-02-19 07:43:01.000,2026-02-19 07:43:19.000,2026-02-19 09:35:29.000,ISSUE_WITH_ITEMS,<PARTIAL_MISSING_ITEM>,Pancakes (3 Pcs),,no butter,USD,24.38,6.59,0,6.59,Delivery,Web,Uber Eats
Pancake House  (7701 Garrison Rd),512fc888-c0cd-567e-bd79-92e063cc326a,United States,USA,Washington D.C.,E4B7E,7dd47d20-19ef-42b5-8d56-f8bb7a5e4b7e,2026-02-02 10:02:39.000,2026-02-02 10:02:42.000,2026-02-02 11:55:53.000,ISSUE_WITH_ITEMS,<MISSING_ITEM>,Hot Coffee,,,USD,34.87,4.24,4.02,0.22,Delivery,iOS,Uber Eats
Pancake House  (7701 Garrison Rd),512fc888-c0cd-567e-bd79-92e063cc326a,United States,USA,Washington D.C.,588FB,9b40608e-66a2-4b53-a67c-073cabb588fb,2026-02-08 10:28:07.000,2026-02-08 10:28:11.000,2026-02-10 06:53:52.000,ISSUE_WITH_ITEMS,<MISSING_ITEM>,Belgian Waffle,,,USD,44.06,12.79,0,12.79,Delivery,iOS,Uber Eats
Pancake House  (7701 Garrison Rd),512fc888-c0cd-567e-bd79-92e063cc326a,United States,USA,Washington D.C.,246C8,530037ae-65d3-4c9f-bac1-6a331b0246c8,2026-02-15 10:00:45.000,2026-02-15 10:00:50.000,2026-02-16 06:52:51.000,ISSUE_WITH_ITEMS,<MISSING_ITEM>,Belgian Waffle,,,USD,51.93,21.74,0,21.74,Delivery,iOS,Uber Eats
Pancake House  (7701 Garrison Rd),512fc888-c0cd-567e-bd79-92e063cc326a,United States,USA,Washington D.C.,6B44C,72330123-1ef0-44d7-97b6-f62486b6b44c,2026-02-20 09:32:25.000,2026-02-20 09:32:29.000,2026-02-25 03:14:34.000,WRONG_ORDER,<WRONG_ORDER>,French Toast,,,USD,15.63,15.63,0,15.63,Delivery,iOS,Uber Eats
Pancake House  (7701 Garrison Rd),512fc888-c0cd-567e-bd79-92e063cc326a,United States,USA,Washington D.C.,9790A,4c319292-d8c7-44e2-8cc2-fa9bade9790a,2026-02-20 10:29:15.000,2026-02-20 10:29:19.000,2026-02-25 03:13:54.000,ISSUE_WITH_ITEMS,<ISSUE_WITH_ITEMS - MISSING_ITEM | MISSING_ITEM | MISSING_ITEM>,Wings & Waffle,Wings & Waffle-2 Eggs | Wings & Waffle-Cheddar Cheese | Wings & Waffle-Scrambled Hard Egg,,USD,53.18,5.3,0,5.3,Delivery,iOS,Uber Eats
Pancake House  (7701 Garrison Rd),512fc888-c0cd-567e-bd79-92e063cc326a,United States,USA,Washington D.C.,85464,bcd037b9-8e41-4306-86d1-aea5afe85464,2026-02-28 10:28:09.000,2026-02-28 10:28:13.000,2026-02-28 12:21:17.000,ISSUE_WITH_ITEMS,<ISSUE_WITH_ITEMS - MISSING_ITEM | MISSING_ITEM | MISSING_ITEM>,Breakfast Sandwich with Egg,Breakfast Sandwich with Egg-American Cheese | Breakfast Sandwich with Egg-Cheese Grits | Breakfast Sandwich with Egg-Turkey Sausage,,USD,39.39,8.5,8.05,0.45,Delivery,iOS,Uber Eats
Pancake House  (7701 Garrison Rd),512fc888-c0cd-567e-bd79-92e063cc326a,United States,USA,Washington D.C.,6049A,756b56e8-4a0f-494e-9afc-03d9b8b6049a,2026-02-28 12:34:29.000,2026-02-28 12:34:34.000,2026-02-28 15:04:28.000,WRONG_ORDER,<WRONG_ORDER> <WRONG_ORDER>,Pancakes | Hash Browns,,| ,USD,24.88,24.88,19.14,5.74,Delivery,Android,Uber Eats
Panini's On Panini's (382 8th Ave),,United States,USA,New York City,3968F,f0c02460-f0ce-447c-80d7-b45e2683968f,2026-02-08 05:46:17.000,2026-02-08 05:46:19.000,2026-02-11 10:47:05.000,ISSUE_WITH_ITEMS,<MISSING_ITEM>,Curly Fries,,,USD,19.4,8.11,0,8.11,Delivery,iOS,Uber Eats
Penny's Pancakes,,United States,USA,New York City,2F544,259b14ab-11fe-4538-b41e-f1ed7f62f544,2026-02-08 11:51:56.000,2026-02-08 11:51:59.000,2026-02-10 06:00:04.000,ISSUE_WITH_ITEMS,<MISSING_ITEM> <MISSING_ITEM>,Giant Cookies | Fruit,,| ,USD,53.79,11.52,0,11.52,Delivery,Android,Uber Eats
Penny's Pancakes - 1237 Fulton St,ba41eb75-89a7-43bc-9f80-ff46d2c9369e,United States,USA,New York City,73470,cada09fd-b0f8-4809-b76c-6ab16e373470,2026-02-07 13:02:17.000,2026-02-07 13:07:49.000,2026-02-11 10:48:16.000,ISSUE_WITH_ITEMS,<MISSING_ITEM>,Salted Caramel Frappe,,,USD,19.58,5.29,0,5.29,Delivery,iOS,Uber Eats
Penny's Pancakes - 1237 Fulton St,ba41eb75-89a7-43bc-9f80-ff46d2c9369e,United States,USA,New York City,EFA3A,24342ee6-f29e-4020-9ab2-dcff3f1efa3a,2026-02-16 11:37:39.000,2026-02-16 11:37:42.000,2026-02-16 13:24:21.000,FOOD_QUALITY,<FOOD_QUALITY-SPOILED_OR_STALE>,Avocado Bagel Sandwich Penny's Special,,,USD,15.38,15.38,0,15.38,Delivery,iOS,Uber Eats
Plaza Market Queens (25-02 Queens Plaza S),da8d9397-6ed8-546d-9abf-235d7891108e,United States,USA,New York City,2857D,b6635803-95a8-407a-a9cf-86306432857d,2026-02-02 20:11:42.000,2026-02-02 20:11:45.000,2026-02-02 22:06:04.000,ISSUE_WITH_ITEMS,<WRONG_ITEM>,Create Your Own Salad (6 Toppings),,Unable to eat this. Completely\nWrong ingredient and SOAKED in the wrong g dressing. Need a refund,USD,53.26,25.28,20.87,4.41,Delivery,iOS,Uber Eats
Prime Burger Lounge (111 E 161 St),00e1cdef-6a71-4a50-b2e8-a93340b31da0,United States,USA,New York City,2B375,2338ae3a-8a6f-4dd9-9162-4574ec82b375,2026-02-16 17:00:20.000,2026-02-16 17:00:23.000,2026-02-16 18:57:40.000,ISSUE_WITH_ITEMS,<MISSING_ITEM>,Cheese Fries,,,USD,59.76,7.6,6.33,1.27,Delivery,Android,Uber Eats
Prime Burger Lounge (111 E 161 St),00e1cdef-6a71-4a50-b2e8-a93340b31da0,United States,USA,New York City,13660,ff1fb837-4aea-4021-8c71-5a8f87313660,2026-02-21 23:46:10.000,2026-02-21 23:46:13.000,2026-02-22 00:57:12.000,ISSUE_WITH_ITEMS,<FOOD_QUALITY-SPOILED_OR_STALE> <FOOD_QUALITY-SPOILED_OR_STALE> <FOOD_QUALITY-SPOILED_OR_STALE> <FOOD_QUALITY-SPOILED_OR_STALE>,Chicken Tenders | Mozzarella Sticks | Bacon Cheese Fries | Bacon Cheeseburger,,| | | ,USD,65.67,60.6,0,60.6,Delivery,iOS,Uber Eats
Priya's Indian Kitchen,66abf70b-917f-437e-bbcf-b3c02ac77f30,United States,USA,New York City,54746,86d82cad-f025-47d8-9aa1-0854c8d54746,2026-02-14 11:19:46.000,2026-02-14 11:19:48.000,2026-02-14 12:24:40.000,ISSUE_WITH_ITEMS,<FOOD_QUALITY-BURNT> <FOOD_QUALITY-BURNT> <FOOD_QUALITY-BURNT>,Chicken Kabob Kathi Roll (1 pc) | Samosas (2 pcs) | Butter Chicken Kati Roll (1),,| | ,USD,34.65,33.81,0,33.81,Delivery,iOS,Uber Eats
Sasha's Indian Restaurant,650040f5-56a7-4787-8046-1b374974d15f,United States,USA,San Francisco,DE001,8c6685c5-5590-4aaf-8a5b-b1438d6de001,2026-02-07 15:05:35.000,2026-02-07 15:05:38.000,2026-02-07 16:39:46.000,ISSUE_WITH_ITEMS,<PARTIAL_WRONG_ITEM>,Medium Spicy Butter Chicken,,I got small butter chicken but I ordered medium butter chicken ,USD,23.2,10.96,0,10.96,Delivery,iOS,Uber Eats
Sasha's Indian Restaurant,650040f5-56a7-4787-8046-1b374974d15f,United States,USA,San Francisco,BE518,9a1afc8c-62b8-4323-8691-ce94183be518,2026-02-10 13:31:51.000,2026-02-10 13:31:53.000,2026-02-11 07:05:53.000,ISSUE_WITH_ITEMS,<MISSING_ITEM>,Paneer Tikka Masala,,,USD,25.48,9.44,0,9.44,Delivery,iOS,Uber Eats
Selena's Torta Shack (415 E Windmill Ln),,United States,USA,Las Vegas,8CAA1,912f9a57-513d-4ec6-9b95-1d9fbbd8caa1,2026-02-10 00:06:16.000,2026-02-10 00:06:18.000,2026-02-11 07:39:36.000,ISSUE_WITH_ITEMS,<MISSING_ITEM> <MISSING_ITEM>,Cheese Quesadilla | Churro,,| ,USD,30.47,11.75,0,11.75,Delivery,iOS,Postmates
Sizzlin' Omelette Cafe (101 Plaza Center),7e283c6e-7b97-4eab-bc41-af49d61464ad,United States,USA,New Jersey,0BF9B,25a908a3-060e-4982-bfe4-346c7ec0bf9b,2026-02-08 12:26:09.000,2026-02-08 12:26:12.000,2026-02-10 06:52:31.000,ISSUE_WITH_ITEMS,<MISSING_ITEM> <MISSING_ITEM> <MISSING_ITEM> <MISSING_ITEM>,Manager Special Omelette | Classic Egg and Cheese Omelette | Feta and Tomato Omelette | Turkey Bacon and Mushroom Omelette,,| | | ,USD,111.33,79.65,0,79.65,Delivery,Android,Uber Eats
Slapjack Pancakes (1174 Chapel St),,United States,USA,Connecticut,0ADC7,4d3cade9-e478-4be3-ab0f-485be2a0adc7,2026-02-02 10:12:09.000,2026-02-02 10:12:11.000,2026-02-02 12:09:53.000,ISSUE_WITH_ITEMS,<MISSING_ITEM>,Hot Coffee,,,USD,24.14,3.44,3.28,0.16,Delivery,iOS,Uber Eats
Slapjack Pancakes (1174 Chapel St),,United States,USA,Connecticut,A40F6,963dadcf-74de-4ffe-9a71-8e584a1a40f6,2026-02-04 08:12:02.000,2026-02-04 08:12:05.000,2026-02-04 09:04:52.000,ISSUE_WITH_ITEMS,<FOOD_QUALITY-SPOILED_OR_STALE> <FOOD_QUALITY-SPOILED_OR_STALE>,Make Your Own Pancake Stack | Home Fries,,| ,USD,37.92,34.71,0,34.71,Delivery,iOS,Uber Eats
Slapjack Pancakes (1174 Chapel St),,United States,USA,Connecticut,C9277,e9d96edb-f4b2-4927-b2c7-646cd16c9277,2026-02-05 08:52:14.000,2026-02-05 08:52:17.000,2026-02-06 17:26:39.000,WRONG_ORDER,<WRONG_ORDER> <WRONG_ORDER> <WRONG_ORDER>,Home Fries | Spicy Avocado Toast Breakfast | Fresh Fruit Salad,,| | ,USD,23.51,23.77,0,23.77,Delivery,Android,Uber Eats
Slapjack Pancakes (1174 Chapel St),,United States,USA,Connecticut,B3F32,c301d065-a897-4a86-aa4b-0cb129cb3f32,2026-02-12 10:10:36.000,2026-02-12 10:10:39.000,2026-02-16 07:00:40.000,WRONG_ORDER,<WRONG_ORDER>,Stuffed French Toast,,,USD,23.51,23.77,0,23.77,Delivery,Android,Uber Eats
Strictly Vegetarian Sandwich,,United States,USA,New York City,21B7D,1e8b7e17-9cfe-440a-aff2-15a978d21b7d,2026-02-10 22:43:21.000,2026-02-10 22:43:24.000,2026-02-11 10:04:24.000,WRONG_ORDER,<WRONG_ORDER> <WRONG_ORDER>,Portobello Sandwich | Hummy Sandwich,,| ,USD,27.83,27.83,0,27.83,Delivery,iOS,Uber Eats
TacoTaste Mexican (4352 E Speedway Blvd),8e7dee4b-3cbd-4d65-bbb8-f38985a1aa29,United States,USA,Tucson,66804,f164ecb5-b243-4bd5-aa76-5b6605766804,2026-02-17 18:51:07.000,2026-02-17 18:51:09.000,2026-02-17 20:24:21.000,ISSUE_WITH_ITEMS,<MISSING_ITEM>,Horchata,,,USD,17.18,4.66,3.75,0.91,Delivery,iOS,Uber Eats
The American Vegan Burger (1338 Polk St),5d7c3806-0ef7-43a0-bbf3-1f1b4d8970ad,United States,USA,San Francisco,4FF61,b385b11f-2d89-4501-88f1-51c5bb04ff61,2026-02-06 10:41:53.000,2026-02-06 10:41:55.000,2026-02-06 12:35:46.000,ISSUE_WITH_ITEMS,<WRONG_ITEM>,Impossible Double Gut Buster Burger,,Ordered a double cheeseburger. Got a single hamburger,USD,32.58,28.22,0,28.22,Delivery,iOS,Uber Eats
The American Vegan Burger (1338 Polk St),5d7c3806-0ef7-43a0-bbf3-1f1b4d8970ad,United States,USA,San Francisco,12EEC,178a35f6-1609-404d-a232-d5a21f712eec,2026-02-08 13:59:26.000,2026-02-08 13:59:28.000,2026-02-10 02:59:21.000,ISSUE_WITH_ITEMS,<WRONG_ITEM>,Vegan Garlic Bread,,Received fries instead of garlic bread,USD,45.93,11.46,0,11.46,Delivery,Android,Uber Eats
The Burger Blade (4234 Broadway),,United States,USA,New York City,F456A,bbe2010e-5e43-4c70-bfd3-226598df456a,2026-02-10 01:17:21.000,2026-02-10 01:17:35.000,2026-02-11 10:40:23.000,ISSUE_WITH_ITEMS,<ISSUE_WITH_ITEMS - MISSING_ITEM>,Bacon Cheeseburger,Bacon Cheeseburger-Sprite,,USD,19.79,2.41,0,2.41,Delivery,iOS,Uber Eats
The Burger Passion (164-01 Hillside Ave),,United States,USA,New York City,03486,2996d2ce-f66a-4763-ae7e-7666aec03486,2026-02-28 17:44:27.000,2026-02-28 17:44:30.000,2026-02-28 18:53:24.000,ISSUE_WITH_ITEMS,<WRONG_ITEM>,Chicken or Turkey Burger,,I ordered turkey i got chicken instead ,USD,19.95,10.36,0,10.36,Delivery,Android,Uber Eats
The Cheeseburger Paradise (5993 Broadway),517b2aaa-c213-5dd4-92c0-6e3b55b3e5ba,United States,USA,New York City,EC7B4,6151f36c-5b8b-40cf-bafb-12fd232ec7b4,2026-02-23 22:19:56.000,2026-02-23 22:20:14.000,2026-02-25 03:05:51.000,ISSUE_WITH_ITEMS,<ISSUE_WITH_ITEMS - MISSING_ITEM>,Classic Cheeseburger,"Classic Cheeseburger-Make it a Deluxe (Add Fresh Lettuce, Tomatoes, Pickles and Crispy Golden Fries)",,USD,18.13,4.08,0,4.08,Delivery,Android,Uber Eats
The French Fries God (1760 3rd Ave),22925c2a-199a-59f9-8a29-1fd351051f44,United States,USA,New York City,F5B55,74b1cfb6-6a87-41ae-b0d0-d6fcfc2f5b55,2026-02-08 19:01:07.000,2026-02-08 19:01:09.000,2026-02-10 05:58:42.000,WRONG_ORDER,<WRONG_ORDER> <WRONG_ORDER> <WRONG_ORDER>,French Fries | Mozzarella Sticks | Soda,,| | ,USD,27.03,27.03,0,27.03,Delivery,iOS,Uber Eats
The Halal Indian Kitchen,e7ae094b-ff7f-40b2-b13b-4acf08982475,United States,USA,New York City,AB82C,89fc8587-637a-454e-a4a5-b7085baab82c,2026-02-13 12:53:55.000,2026-02-13 12:53:58.000,2026-02-16 06:57:16.000,WRONG_ORDER,<WRONG_ORDER>,Goat Biryani- Gluten Free,,,USD,22.36,22.36,0,22.36,Delivery,iOS,Uber Eats
The Omelette Farm,a87a165d-d7ac-4a7a-bba3-4a58a4762721,United States,USA,New York City,BAB3F,8cde478c-5e68-44f9-895c-5939972bab3f,2026-02-01 10:27:06.000,2026-02-01 10:44:05.000,2026-02-01 13:56:34.000,ISSUE_WITH_ITEMS,<WRONG_ITEM>,Latte,,I ordered hot latte but received ice. I don’t drink anything with ice.. and this latte now inside all food.. ,USD,22.81,6.96,6.16,0.8,Delivery,iOS,Uber Eats
The Omelette Farm,a87a165d-d7ac-4a7a-bba3-4a58a4762721,United States,USA,New York City,35208,655e7bb5-60ef-4bdf-a358-77d84c135208,2026-02-13 06:16:25.000,2026-02-13 06:16:28.000,2026-02-13 08:32:22.000,ISSUE_WITH_ITEMS,<FOOD_QUALITY-SPOILED_OR_STALE>,Create Your Own Omelette,,,USD,14.39,14,0,14,Delivery,iOS,Uber Eats
The Pancake Snob - 1147 West Chester Pike,1c117e42-5427-413f-95cb-a4d6cdbf7eff,United States,USA,Philadelphia,C5834,d7fa11ba-9085-4762-a8a0-ef15428c5834,2026-02-04 08:40:27.000,2026-02-04 08:40:29.000,2026-02-05 15:34:03.000,ISSUE_WITH_ITEMS,<MISSING_ITEM>,Strawberry Buttermilk Pancakes,,,USD,52.4,18.63,0,18.63,Delivery,iOS,Uber Eats
The Pancake Snob - 1147 West Chester Pike,1c117e42-5427-413f-95cb-a4d6cdbf7eff,United States,USA,Philadelphia,32776,e5731197-f85b-4427-9dce-2afdad432776,2026-02-28 10:35:18.000,2026-02-28 10:35:19.000,2026-03-03 03:24:19.000,ISSUE_WITH_ITEMS,<WRONG_ITEM>,Chocolate Chip Belgian\r\nWaffles,,It’s basically a plain waffle. There are like no chocolate chips like it is supposed to have. And definitely doesn’t look like the picture ,USD,30.46,14.38,0,14.38,Delivery,iOS,Uber Eats
The Pancake Snob - 1741 1st Avenue,00eeb433-f2e9-49dd-953f-c00327dc385c,United States,USA,New York City,1AAA9,de15707b-ef00-478b-a4f4-91f1ff21aaa9,2026-02-04 06:51:46.000,2026-02-04 06:51:49.000,2026-02-04 09:09:30.000,ISSUE_WITH_ITEMS,<MISSING_ITEM>,House Coffee,,,USD,32.15,2.8,0,2.8,Delivery,iOS,Uber Eats
The Pancake Snob - 1741 1st Avenue,00eeb433-f2e9-49dd-953f-c00327dc385c,United States,USA,New York City,4CEDC,53779acd-7959-4132-b92f-fc0bd1e4cedc,2026-02-13 10:13:55.000,2026-02-13 10:13:59.000,2026-02-16 06:58:38.000,WRONG_ORDER,<WRONG_ORDER> <WRONG_ORDER>,Side of Bacon | Original French Toast,,| ,USD,17.25,17.25,0,17.25,Delivery,iOS,Uber Eats
The Pancake Snob - 1741 1st Avenue,00eeb433-f2e9-49dd-953f-c00327dc385c,United States,USA,New York City,8AF69,0850c193-068d-4881-b041-a08d8fe8af69,2026-02-17 14:12:51.000,2026-02-17 14:12:54.000,2026-02-17 16:53:03.000,WRONG_ORDER,<WRONG_ORDER>,Chocolate Chip Buttermilk Pancakes (3 pcs),,,USD,16.35,16.35,14.52,1.83,Delivery,iOS,Uber Eats
The Pancake Snob - 1741 1st Avenue,00eeb433-f2e9-49dd-953f-c00327dc385c,United States,USA,New York City,25A12,ebe018e3-8bf2-4d6a-ab8a-81d9ad825a12,2026-02-28 10:36:52.000,2026-02-28 10:36:55.000,2026-02-28 12:55:35.000,ISSUE_WITH_ITEMS,<MISSING_ITEM>,Decaf Coffee,,,USD,22.92,2.84,2.56,0.28,Delivery,Web,Uber Eats
The Pasta Brothers (1708 Livernois Rd),,United States,USA,Detroit,E912A,dd6896fa-9ecf-40ea-aca7-ffa392ae912a,2026-02-01 18:34:40.000,2026-02-01 18:34:45.000,2026-02-01 20:18:29.000,ISSUE_WITH_ITEMS,<ISSUE_WITH_ITEMS - MISSING_ITEM>,Cacio E Pepe Pasta,Cacio E Pepe Pasta-Water (Bottle),,USD,21.98,2.23,2.36,-0.13,Delivery,Android,Uber Eats
The Pasta Story (2138 W National Ave),,United States,USA,Milwaukee,1DA99,76a62bb0-828a-4506-b350-d82facf1da99,2026-02-06 17:15:59.000,2026-02-06 17:16:02.000,2026-02-06 19:47:32.000,WRONG_ORDER,<WRONG_ORDER> <WRONG_ORDER>,Pizza Puffs (Sausage) | Jerk Chicken Fettuccine,,| ,USD,28.64,28.63,0,28.63,Delivery,iOS,Uber Eats
The Pizza Flip (1275 Milby St),d7a129a2-e0ac-5cf7-8fa6-7a1598b97680,United States,USA,Houston,C0A2A,4db02549-951e-4633-a09a-0312a4ac0a2a,2026-02-24 01:16:40.000,2026-02-24 01:16:43.000,2026-02-25 02:05:10.000,ISSUE_WITH_ITEMS,<PARTIAL_WRONG_ITEM> <PARTIAL_WRONG_ITEM>,Chocolate Chip Cookies (4) | Jalapeño Poppers (6 Pcs),,These are not cookies and are burnt regardless | In the photos and description it said cheddar cheese. These are filled with cream cheese and are terrible. ,USD,66.4,13.22,0,13.22,Delivery,Android,Uber Eats
The Salad Dream (1368 N Arizona Ave),d20984b7-0778-530c-94c0-69d887a28e9f,United States,USA,Phoenix,2DD68,acda82d4-2fe6-468f-968e-25b30922dd68,2026-02-03 19:12:07.000,2026-02-03 19:12:12.000,2026-02-03 20:43:15.000,ISSUE_WITH_ITEMS,<MISSING_ITEM>,Onion Rings,,,USD,57.63,11.57,11.02,0.55,Delivery,iOS,Uber Eats
The Sandwich Vibe (839 W University Dr),b16aa2a3-6fd6-5c92-8053-3bf1009cb23f,United States,USA,Phoenix,85BEB,70d26f1f-0401-4fde-a739-2b1c36c85beb,2026-02-16 11:48:17.000,2026-02-16 11:48:21.000,2026-02-16 14:00:58.000,ISSUE_WITH_ITEMS,<MISSING_ITEM> <MISSING_ITEM> <MISSING_ITEM>,Large Cookie | Potato Salad | Rubens Sandwich with Chips,,| | ,USD,43.24,18.69,17.77,0.92,Delivery,iOS,Uber Eats
The Sandwich Vibe (839 W University Dr),b16aa2a3-6fd6-5c92-8053-3bf1009cb23f,United States,USA,Phoenix,BB178,24d8d783-ee9a-46d1-8def-c6f1833bb178,2026-02-26 12:01:10.000,2026-02-26 12:01:15.000,2026-03-03 01:29:46.000,ISSUE_WITH_ITEMS,<MISSING_ITEM> <MISSING_ITEM>,O'Keefe Sandwich with Chips | Large Cookie,,| ,USD,42.45,17.96,0,17.96,Delivery,iOS,Uber Eats
The Scorchin' Burger (4083 Broadway),,United States,USA,New York City,EF1BF,f4d80e88-c087-4261-9fce-63802a4ef1bf,2026-02-05 20:15:56.000,2026-02-05 20:15:59.000,2026-02-05 22:24:37.000,ISSUE_WITH_ITEMS,<ISSUE_WITH_ITEMS - MISSING_ITEM> <WRONG_ITEM>,Breakfast Burger (Fried Egg and Bacon) | Deluxe Burger (Tomatoes and Lettuce),Breakfast Burger (Fried Egg and Bacon)-Fries | ,| Plain burger - no lettuce tomato uncooked 🍟 ,USD,52.51,25.41,0,25.41,Delivery,iOS,Uber Eats
The Village Smoothie Spot (382 8th Ave),,United States,USA,New York City,9C8DB,9018fc18-9690-4675-96d5-c6149af9c8db,2026-02-03 21:57:51.000,2026-02-03 21:57:53.000,2026-02-03 23:21:16.000,ISSUE_WITH_ITEMS,<MISSING_ITEM> <MISSING_ITEM>,Diet Coke Can | Giant Cookie,,| ,USD,17.2,5.04,5.04,0,Delivery,iOS,Uber Eats
The Village Smoothie Spot (382 8th Ave),,United States,USA,New York City,085F7,c7f40ab5-88c2-44df-97e0-469f2d2085f7,2026-02-19 22:27:20.000,2026-02-19 22:27:23.000,2026-02-19 23:50:56.000,ISSUE_WITH_ITEMS,<WRONG_ITEM>,Go Green Juice,,I asked for no spinach ,USD,22.54,9.07,0,9.07,Delivery,iOS,Uber Eats
Toast N Roast Breakfast Sandwiches (6732 Crenshaw Blvd Ste 10),a1d8fbb9-a9c6-42ff-8f0a-463f68f6d22f,United States,USA,Los Angeles,03E0F,db9acfc9-002b-4eca-b639-ba2728303e0f,2026-02-13 09:29:28.000,2026-02-13 09:29:32.000,2026-02-16 03:57:58.000,ISSUE_WITH_ITEMS,<WRONG_ITEM>,Avocado Bacon Toast,,I ordered bacon avocado toast. When it arrived there was no bacon as the picture shows ,USD,26.36,11.72,0,11.72,Delivery,iOS,Postmates
Top Notch Sandwiches (226 Newark Ave),6d6b5a9d-cbd8-51fc-8ad3-7055c413b35e,United States,USA,New Jersey,850EC,df35d61f-afb0-4683-9ddc-950097e850ec,2026-02-04 21:41:25.000,2026-02-04 21:41:36.000,2026-02-04 23:11:33.000,ISSUE_WITH_ITEMS,<WRONG_ORDER> <ISSUE_WITH_ITEMS - MISSING_ITEM>,Prosciutto Hero | Prosciutto Hero,Prosciutto Hero-French Fries | Prosciutto Hero-French Fries,| ,USD,23.53,23.78,0,23.78,Delivery,iOS,Uber Eats
Vegan Indian Snob,ff93de77-a008-410b-ad6f-02eb6fe83ae1,United States,USA,New York City,7AB82,f4eda78c-1b81-4aa8-a0a6-c9df2ef7ab82,2026-02-05 16:40:58.000,2026-02-05 16:41:00.000,2026-02-05 20:20:08.000,ISSUE_WITH_ITEMS,<FOOD_QUALITY-SPOILED_OR_STALE> <FOOD_QUALITY-SPOILED_OR_STALE>,Vegan Bread Pakora | Vegan Puri Cholay,,| ,USD,18.91,18.52,0,18.52,Delivery,iOS,Uber Eats
Veronica's Burrito Bar,03639f29-b985-46a5-b020-feaa043f8fae,United States,USA,New York City,8D2E1,956f4aa7-40cd-4fdf-aca4-12117af8d2e1,2026-02-27 05:16:59.000,2026-02-27 05:17:01.000,2026-03-03 03:29:07.000,ISSUE_WITH_ITEMS,<ISSUE_WITH_ITEMS - MISSING_ITEM | MISSING_ITEM>,Shrimp Burrito,Shrimp Burrito-Jalapenos | Shrimp Burrito-Guacamole,,USD,21,2.77,0,2.77,Delivery,iOS,Uber Eats
Veronica's Burrito Bar (5279 North Roxboro St),b2e91984-4f55-4992-89d0-1e47ea01aa32,United States,USA,Raleigh-Durham,E5104,3d904bd0-7a10-471f-a6cc-c92c432e5104,2026-02-01 15:17:17.000,2026-02-01 15:17:20.000,2026-02-02 19:32:29.000,ISSUE_WITH_ITEMS,<MISSING_ITEM> <WRONG_ITEM> <MISSING_ITEM>,Cheese Dip | Surf & Turf Burrito | Salsa,,| | ,USD,42.01,25.1,10.21,14.89,Delivery,Android,Uber Eats
Veronica's Burrito Bar (5279 North Roxboro St),b2e91984-4f55-4992-89d0-1e47ea01aa32,United States,USA,Raleigh-Durham,D94C7,8a871bd5-df70-437a-ad96-e9bf66ed94c7,2026-02-19 11:19:01.000,2026-02-19 11:19:04.000,2026-02-19 14:23:19.000,ISSUE_WITH_ITEMS,<WRONG_ITEM>,Surf & Turf Burrito,,,USD,14.65,10.19,0,10.19,Pickup,iOS,Uber Eats
Wonderland Wraps  (3661 Broadway),,United States,USA,New York City,7D50B,5afe3beb-056c-4fe0-a55c-4c1f5797d50b,2026-02-05 22:31:55.000,2026-02-05 22:31:58.000,2026-02-06 00:09:57.000,ISSUE_WITH_ITEMS,<ISSUE_WITH_ITEMS - MISSING_ITEM | MISSING_ITEM>,Crispy Chicken Wrap,Crispy Chicken Wrap-Sprite | Crispy Chicken Wrap-Coke,,USD,20.18,4.81,0,4.81,Delivery,iOS,Uber Eats
