Store,External Store ID,City,Country,Country Code,Pause Start,Pause Duration,Reason For Pausing
Wonka's Smoothie Bar (169-03 Jamaica Ave),,New York City,United States,USA,2026-02-28 15:41:45.000,,Paused by Uber Eats as multiple couriers reported the store was closed.
Fresh N Fruity Smoothies (560 E 149th St),3802b83c-56ed-431a-bd20-f07f30348e30,New York City,United States,USA,2026-02-28 15:01:59.000,,Paused by Uber Eats
Lola's Smoothie Mix,,New York City,United States,USA,2026-02-27 02:00:54.000,03:59:33,Paused by Uber Eats
Lola's Smoothie Mix,,New York City,United States,USA,2026-02-26 03:41:19.000,02:19:09,Paused by Uber Eats
The Fried Chicken Crave (128-12 Liberty Ave),b7bd2df4-fd3b-5636-9aa4-3376955d309d,New York City,United States,USA,2026-02-24 00:21:08.000,05:39:14,Paused by Uber Eats
Flavor of Greek (783 Hillside Avenue),77bacaf3-53b2-55aa-9bfb-c46fb46f57c3,NYC Suburbs,United States,USA,2026-02-23 22:41:08.000,07:19:21,Paused by Uber Eats due to multiple couriers canceling after arriving at your store. 
Fresh N Fruity Smoothies (560 E 149th St),3802b83c-56ed-431a-bd20-f07f30348e30,New York City,United States,USA,2026-02-23 19:21:22.000,10:39:08,Paused by Uber Eats
Finger Lickin Fried Chicken (854 N Broadway),,NYC Suburbs,United States,USA,2026-02-23 19:00:59.000,10:59:30,Paused by Uber Eats as multiple couriers reported the store was closed.
Burritos to Bowls (370 Main St),c1b72657-b084-4984-a90f-25910bf5b23c,New Jersey,United States,USA,2026-02-23 15:21:10.000,14:40:15,Paused by Uber Eats as multiple couriers reported the store was closed.
Penny's Pancakes - 1237 Fulton St,ba41eb75-89a7-43bc-9f80-ff46d2c9369e,New York City,United States,USA,2026-02-23 14:41:51.000,15:18:38,Paused by Uber Eats as multiple couriers reported the store was closed.
The Smooth Eaze (1424 Lexington Ave),,New York City,United States,USA,2026-02-20 23:41:23.000,06:19:06,Paused by Uber Eats due to multiple couriers canceling after arriving at your store. 
Fresh N Fruity Smoothies (560 E 149th St),3802b83c-56ed-431a-bd20-f07f30348e30,New York City,United States,USA,2026-02-20 20:22:09.000,09:38:21,Paused by Uber Eats
The Fried Chicken Crave (128-12 Liberty Ave),b7bd2df4-fd3b-5636-9aa4-3376955d309d,New York City,United States,USA,2026-02-19 00:21:00.000,05:39:22,Paused by Uber Eats
Breakfast N Vibe,5b6bccbb-7f52-5c00-991b-581a4078862b,New York City,United States,USA,2026-02-18 00:41:06.000,05:19:23,Paused by Uber Eats due to your store canceling an order with the reason ‘store is closed’.
Lola's Smoothie Mix,,New York City,United States,USA,2026-02-17 20:21:39.000,09:38:48,Paused by Uber Eats
Vegan Pizzas Snob (2017 University Ave),f0b0df98-95ba-5f70-b49c-2b04f1c14b00,San Francisco,United States,USA,2026-02-16 18:21:41.000,11:38:48,Paused by Uber Eats as multiple couriers reported the store was closed.
Family Sandwich House (2017 University Ave),,San Francisco,United States,USA,2026-02-16 11:05:17.000,18:55:12,Paused by Uber Eats
El Tarasco,3d6e9db2-4f0b-4af0-879d-09307a0993b6,Los Angeles,United States,USA,2026-02-16 09:05:45.000,20:54:26,Paused by Uber Eats
Tarasco Burrito Bar,d9557642-5319-42b7-a682-15b86572661f,Los Angeles,United States,USA,2026-02-16 09:05:34.000,20:54:55,Paused by Uber Eats
Wraps On Tap (675 E University Dr),,Los Angeles,United States,USA,2026-02-16 08:06:33.000,02:06:08,Paused by Uber Eats
High Life Pizzas,d62628f4-9b10-4099-aed0-69f904a3a91e,New Jersey,United States,USA,2026-02-16 10:05:53.000,19:54:36,Paused by Uber Eats
The Indian Spice Palace (3005 36th Ave),ae3c104a-e0ec-505c-90b8-d8eca6202b68,New York City,United States,USA,2026-02-16 10:05:33.000,19:54:56,Paused by Uber Eats
Burrito Lovers Bar (1541 Glenn School Rd suite 17),c6b3adde-0cab-5d3a-8395-8f954fae7546,Raleigh-Durham,United States,USA,2026-02-16 10:05:32.000,19:54:57,Paused by Uber Eats
Fierce Chicken Sandwich (11916 Wilshire Blvd),,Los Angeles,United States,USA,2026-02-16 05:05:19.000,24:55:10,Paused by Uber Eats
Chelsea's Breakfast Bar,cc376637-50e4-4038-96d0-c4752a3d990d,New York City,United States,USA,2026-02-16 05:40:37.000,00:19:52,Paused by Uber Eats
The Pizza Flip (115-20 Queens Blvd),eb7d14c5-63f4-4a28-b99e-5fe74fa8ae17,New York City,United States,USA,2026-02-16 05:05:24.000,24:55:05,Paused by Uber Eats
Gourmet Mac N Cheese (94 Shirley St),,Boston,United States,USA,2026-02-16 05:05:19.000,24:55:10,Paused by Uber Eats
The Cali Calzone (1116 Polk St),,San Francisco,United States,USA,2026-02-16 00:05:17.000,29:55:12,Paused by Uber Eats
Holly's Burgers,1cb5ad90-0551-4bff-8b8e-d75d1238eb6f,New York City,United States,USA,2026-02-16 00:05:32.000,29:54:57,Paused by Uber Eats
The Fried Chicken Crave (128-12 Liberty Ave),b7bd2df4-fd3b-5636-9aa4-3376955d309d,New York City,United States,USA,2026-02-16 00:05:31.000,29:54:51,Paused by Uber Eats
Wonka's Smoothie Bar (433 W 34th st),,New York City,United States,USA,2026-02-16 00:05:29.000,29:55:00,Paused by Uber Eats
Evan's Burger Empire (226 Newark Ave),9aa889ba-61a9-5143-8783-13daf4a98c68,New Jersey,United States,USA,2026-02-16 00:05:25.000,29:55:05,Paused by Uber Eats
Ice Cream and Cake Shop,936bf7bc-3899-437c-a60d-6bf9583bdb89,New York City,United States,USA,2026-02-16 00:05:19.000,05:55:42,Paused by Uber Eats
Sip On Smoothie (154 7th Ave),,New York City,United States,USA,2026-02-15 19:42:27.000,10:18:02,Paused by Uber Eats due to missed orders.
Tessa's Fruity Treats,58369e46-450d-43db-9851-e98126a96ce3,New York City,United States,USA,2026-02-15 18:22:03.000,11:38:32,Paused by Uber Eats due to missed orders.
Sip On Smoothie (560 E 149th St),c6ab80ac-e192-58b8-b71e-7980fb18d4af,New York City,United States,USA,2026-02-15 17:41:34.000,12:18:55,Paused by Uber Eats due to missed orders.
Mary's Chicken Sandwiches (703 New York Ave),,New Jersey,United States,USA,2026-02-15 13:01:51.000,16:58:39,Paused by Uber Eats due to multiple couriers canceling after arriving at your store. 
Lola's Smoothie Mix,,New York City,United States,USA,2026-02-15 07:00:33.000,22:59:55,Paused by Uber Eats
Ice Cream and Cake Shop,936bf7bc-3899-437c-a60d-6bf9583bdb89,New York City,United States,USA,2026-02-15 03:40:42.000,02:19:40,Paused by Uber Eats due to missed orders.
Family Sandwich House (2017 University Ave),,San Francisco,United States,USA,2026-02-14 17:05:19.000,12:55:10,Paused by Uber Eats
Tarasco Burrito Bar,d9557642-5319-42b7-a682-15b86572661f,Los Angeles,United States,USA,2026-02-14 09:06:02.000,20:54:27,Paused by Uber Eats
El Tarasco,3d6e9db2-4f0b-4af0-879d-09307a0993b6,Los Angeles,United States,USA,2026-02-14 09:05:38.000,20:54:33,Paused by Uber Eats
Wraps On Tap (675 E University Dr),,Los Angeles,United States,USA,2026-02-14 08:06:22.000,03:11:40,Paused by Uber Eats
Burrito Lovers Bar (1541 Glenn School Rd suite 17),c6b3adde-0cab-5d3a-8395-8f954fae7546,Raleigh-Durham,United States,USA,2026-02-14 10:05:29.000,19:55:00,Paused by Uber Eats
The Indian Spice Palace (3005 36th Ave),ae3c104a-e0ec-505c-90b8-d8eca6202b68,New York City,United States,USA,2026-02-14 10:05:21.000,19:55:08,Paused by Uber Eats
Ice Cream and Cake Shop,936bf7bc-3899-437c-a60d-6bf9583bdb89,New York City,United States,USA,2026-02-14 02:21:04.000,03:39:18,Paused by Uber Eats due to multiple couriers canceling after arriving at your store. 
Lola's Smoothie Mix,,New York City,United States,USA,2026-02-13 23:21:12.000,06:39:16,Paused by Uber Eats
Lola's Smoothie Mix,,New York City,United States,USA,2026-02-13 01:00:53.000,04:59:35,Paused by Uber Eats
Mufasa's Pancakes & French Toast,dfe0445f-c47f-5c3a-967f-78a067f37767,New York City,United States,USA,2026-02-12 05:20:24.000,00:40:05,Paused by Uber Eats
Charlie's Chicken Wings,0bc68c2b-b6a0-4666-ba20-09a422e52cc3,Nashville,United States,USA,2026-02-12 02:40:17.000,03:19:44,Paused by Uber Eats as multiple couriers reported the store was closed.
NY Boba Bae (501 Broadway St),,San Francisco,United States,USA,2026-02-09 20:40:59.000,09:19:30,Paused by Uber Eats due to multiple couriers canceling after arriving at your store. 
Zinger's Famous Chicken (3955 Bronxwood Ave),99fbff73-b42e-58ee-bd88-e40d256ef9ce,New York City,United States,USA,2026-02-09 21:21:37.000,08:38:52,Paused by Uber Eats due to missed orders.
The Smoothie Squeeze (501 Broadway St),e715275e-17cd-5a31-bd0e-a0ba0c9d0272,San Francisco,United States,USA,2026-02-09 17:41:17.000,12:19:12,Paused by Uber Eats due to multiple couriers canceling after arriving at your store. 
Bart's Burger Bar (3661 Broadway),,New York City,United States,USA,2026-02-08 23:01:30.000,06:58:59,Paused by Uber Eats due to missed orders.
The Smoothie Squeeze (501 Broadway St),e715275e-17cd-5a31-bd0e-a0ba0c9d0272,San Francisco,United States,USA,2026-02-08 18:01:19.000,11:59:10,Paused by Uber Eats as multiple couriers reported the store was closed.
El Tarasco,3d6e9db2-4f0b-4af0-879d-09307a0993b6,Los Angeles,United States,USA,2026-02-08 09:05:25.000,20:54:47,Paused by Uber Eats
Burrito Lovers Bar (1541 Glenn School Rd suite 17),c6b3adde-0cab-5d3a-8395-8f954fae7546,Raleigh-Durham,United States,USA,2026-02-08 10:05:26.000,19:55:03,Paused by Uber Eats
The Breakfast Dream,5afed9d2-f16f-4f16-9b80-35a490672eda,New York City,United States,USA,2026-02-08 08:00:44.000,21:59:46,Paused by Uber Eats due to your store canceling an order with the reason ‘store is closed’.
Penny's Pancakes - 1237 Fulton St,ba41eb75-89a7-43bc-9f80-ff46d2c9369e,New York City,United States,USA,2026-02-08 07:05:18.000,22:55:11,Paused by Uber Eats
The Cali Calzone (1116 Polk St),,San Francisco,United States,USA,2026-02-08 00:05:17.000,29:55:12,Paused by Uber Eats
Divya's Indian Restaurant (2300 California Ave SW),,Seattle,United States,USA,2026-02-08 00:05:16.000,29:55:13,Paused by Uber Eats
Lola's Smoothie Mix,,New York City,United States,USA,2026-02-08 00:05:26.000,29:55:01,Paused by Uber Eats
Evan's Burger Empire (226 Newark Ave),9aa889ba-61a9-5143-8783-13daf4a98c68,New Jersey,United States,USA,2026-02-08 00:05:23.000,29:55:06,Paused by Uber Eats
Wonderland Wraps  (3661 Broadway),,New York City,United States,USA,2026-02-08 00:05:20.000,29:55:09,Paused by Uber Eats
1st Ave Gourmet Deli (1741 1st Ave),8af7a9ae-a53d-401f-b91a-1c3f8ac9b66c,New York City,United States,USA,2026-02-07 22:21:26.000,07:39:03,Paused by Uber Eats due to multiple couriers canceling after arriving at your store. 
Holy Grail Omelettes (1760 3rd Ave),,New York City,United States,USA,2026-02-07 09:21:14.000,20:39:15,Paused by Uber Eats as multiple couriers reported the store was closed.
Roman's Pizza Oven (751 Post Road),,NYC Suburbs,United States,USA,2026-02-04 21:21:22.000,08:39:07,Paused by Uber Eats due to your store canceling an order with the reason ‘store is closed’.
Dimora Ristorante & Bar (100 Piermont Rd),fb192a20-10db-5e33-b88c-cbaa14939ea6,New Jersey,United States,USA,2026-02-04 19:21:25.000,00:00:32,Paused by Uber Eats as multiple couriers reported the store was closed.
The Smoothie Squeeze (501 Broadway St),e715275e-17cd-5a31-bd0e-a0ba0c9d0272,San Francisco,United States,USA,2026-02-04 15:41:17.000,14:19:13,Paused by Uber Eats as multiple couriers reported the store was closed.
Toast N Roast Breakfast Sandwiches (97 Lexington Ave),,New York City,United States,USA,2026-02-04 09:57:33.000,20:02:56,Paused by Uber Eats after 2 missed orders.
The Pizza Flip (115-20 Queens Blvd),eb7d14c5-63f4-4a28-b99e-5fe74fa8ae17,New York City,United States,USA,2026-02-04 06:40:36.000,23:19:53,Paused by Uber Eats due to multiple couriers canceling after arriving at your store. 
The Smoothie Squeeze (501 Broadway St),e715275e-17cd-5a31-bd0e-a0ba0c9d0272,San Francisco,United States,USA,2026-02-03 20:01:31.000,09:58:58,Paused by Uber Eats due to multiple couriers canceling after arriving at your store. 
Daybreak Breakfast Club (172 Prince St),,New York City,United States,USA,2026-02-02 15:41:32.000,14:18:57,Paused by Uber Eats due to multiple couriers canceling after arriving at your store. 
The Halal Indian Kitchen,e7ae094b-ff7f-40b2-b13b-4acf08982475,New York City,United States,USA,2026-02-02 09:21:00.000,20:39:10,Paused by Uber Eats as multiple couriers reported the store was closed.
Next Door Pizza Pie (11916 Wilshire Blvd),,Los Angeles,United States,USA,2026-02-02 05:48:54.000,00:13:06,Paused by Uber Eats after 2 missed orders.
Ramen Noodle Empire (2521 Durant Ave Suite D),39861cbf-7b92-478d-968d-20f8c86c8797,San Francisco,United States,USA,2026-02-02 00:40:22.000,05:20:07,Paused by Uber Eats due to multiple couriers canceling after arriving at your store. 
Classic Italian Pasta Co.,36b5f495-80a5-4cf8-8f68-4b62dc828cc3,Los Angeles,United States,USA,2026-02-01 23:53:59.000,06:06:30,Paused by Uber Eats after 2 missed orders.
The Fried Chicken Crave (128-12 Liberty Ave),b7bd2df4-fd3b-5636-9aa4-3376955d309d,New York City,United States,USA,2026-02-01 23:01:22.000,06:58:59,Paused by Uber Eats due to your store canceling an order with the reason ‘store is closed’.
Leon's Legendary Pizza (243 S Beverly Dr),,Los Angeles,United States,USA,2026-02-01 19:21:54.000,10:38:35,Paused by Uber Eats as multiple couriers reported the store was closed.
The Smoothie Squeeze (501 Broadway St),e715275e-17cd-5a31-bd0e-a0ba0c9d0272,San Francisco,United States,USA,2026-02-01 19:21:37.000,10:38:53,Paused by Uber Eats as multiple couriers reported the store was closed.
Wonka's Smoothie Bar (169-03 Jamaica Ave),,New York City,United States,USA,2026-02-01 09:21:10.000,20:39:19,Paused by Uber Eats as multiple couriers reported the store was closed.
Kelly's Pancake Bar,efaa8059-bafb-4d09-b1e8-c51e82ebcf9d,New York City,United States,USA,2026-02-01 08:20:40.000,21:39:49,Paused by Uber Eats as multiple couriers reported the store was closed.
